time,activity
0.0,0.0078043975
10.0,0.011690219
20.0,0.013167642
